,wt_aa,position,mut_aa,total_count,hetero_count,nature,mut_code
14,S,15,L,1,1,Non-Synonymous,S15L
7,G,18,W,1,0,Non-Synonymous,G18W
12,R,38,R,1,1,Synonymous,R38R
1,A,67,V,4,4,Non-Synonymous,A67V
0,G,90,G,80,29,Synonymous,G90G
9,L,105,*,1,1,Nonsense,L105*
13,S,113,S,1,1,Synonymous,S113S
15,A,130,A,1,1,Synonymous,A130A
4,E,149,*,1,1,Nonsense,E149*
5,E,149,E,1,1,Synonymous,E149E
2,C,166,C,5,2,Synonymous,C166C
3,C,166,Y,1,1,Non-Synonymous,C166Y
10,L,167,L,1,1,Synonymous,L167L
17,W,180,C,1,0,Non-Synonymous,W180C
8,G,181,R,1,1,Non-Synonymous,G181R
16,S,183,S,3,0,Synonymous,S183S
11,P,186,T,1,0,Non-Synonymous,P186T
6,F,195,F,1,1,Synonymous,F195F